Unnamed: 0,TravelTime,Img_name
0,558.0,speed_1014_0.jpg
1,506.0,speed_1014_1.jpg
2,474.0,speed_1014_2.jpg
3,477.0,speed_1014_3.jpg
4,447.0,speed_1014_4.jpg
5,411.0,speed_1014_5.jpg
6,469.0,speed_1014_6.jpg
7,433.0,speed_1014_7.jpg
8,493.0,speed_1014_8.jpg
9,493.0,speed_1014_9.jpg
10,429.0,speed_1014_10.jpg
11,433.0,speed_1014_11.jpg
12,454.0,speed_1014_12.jpg
13,420.0,speed_1014_13.jpg
14,451.0,speed_1014_14.jpg
15,474.0,speed_1014_15.jpg
16,488.0,speed_1014_16.jpg
17,514.0,speed_1014_17.jpg
18,536.0,speed_1014_18.jpg
19,524.0,speed_1014_19.jpg
20,531.0,speed_1014_20.jpg
21,521.0,speed_1014_21.jpg
22,412.0,speed_1014_22.jpg
23,439.0,speed_1014_23.jpg
24,488.0,speed_1014_24.jpg
25,407.0,speed_1014_25.jpg
26,457.0,speed_1014_26.jpg
27,528.0,speed_1014_27.jpg
28,531.0,speed_1014_28.jpg
29,492.0,speed_1014_29.jpg
30,403.0,speed_1014_30.jpg
31,383.0,speed_1014_31.jpg
32,529.0,speed_1014_32.jpg
33,483.0,speed_1014_33.jpg
34,1018.0,speed_1014_34.jpg
35,474.0,speed_1014_35.jpg
36,434.0,speed_1014_36.jpg
37,419.0,speed_1014_37.jpg
38,453.0,speed_1014_38.jpg
39,475.0,speed_1014_39.jpg
40,504.0,speed_1014_40.jpg
41,445.0,speed_1014_41.jpg
42,543.0,speed_1014_42.jpg
43,539.0,speed_1014_43.jpg
44,547.0,speed_1014_44.jpg
45,541.0,speed_1014_45.jpg
46,458.0,speed_1014_46.jpg
47,461.0,speed_1014_47.jpg
48,502.0,speed_1014_48.jpg
49,445.0,speed_1014_49.jpg
50,484.0,speed_1014_50.jpg
51,486.0,speed_1014_51.jpg
52,505.0,speed_1014_52.jpg
53,631.0,speed_1014_53.jpg
54,961.0,speed_1014_54.jpg
55,621.0,speed_1014_55.jpg
56,641.0,speed_1014_56.jpg
57,536.0,speed_1014_57.jpg
58,468.0,speed_1014_58.jpg
59,442.0,speed_1014_59.jpg
60,439.0,speed_1014_60.jpg
61,448.0,speed_1014_61.jpg
62,482.0,speed_1014_62.jpg
63,467.0,speed_1014_63.jpg
64,2620.0,speed_1014_64.jpg
65,401.0,speed_1014_65.jpg
66,452.0,speed_1014_66.jpg
67,495.0,speed_1014_67.jpg
68,423.0,speed_1014_68.jpg
69,465.0,speed_1014_69.jpg
70,479.0,speed_1014_70.jpg
71,465.0,speed_1014_71.jpg
72,447.0,speed_1014_72.jpg
73,410.0,speed_1014_73.jpg
74,506.0,speed_1014_74.jpg
75,535.0,speed_1014_75.jpg
76,463.0,speed_1014_76.jpg
77,450.0,speed_1014_77.jpg
78,573.0,speed_1014_78.jpg
79,444.0,speed_1014_79.jpg
80,428.0,speed_1014_80.jpg
81,431.0,speed_1014_81.jpg
82,436.0,speed_1014_82.jpg
83,511.0,speed_1014_83.jpg
84,438.0,speed_1014_84.jpg
85,427.0,speed_1014_85.jpg
86,425.0,speed_1014_86.jpg
87,463.0,speed_1014_87.jpg
88,438.0,speed_1014_88.jpg
89,432.0,speed_1014_89.jpg
90,489.0,speed_1014_90.jpg
91,423.0,speed_1014_91.jpg
92,461.0,speed_1014_92.jpg
93,490.0,speed_1014_93.jpg
94,460.0,speed_1014_94.jpg
95,444.0,speed_1014_95.jpg
96,453.0,speed_1014_96.jpg
97,550.0,speed_1014_97.jpg
98,1989.0,speed_1014_98.jpg
99,631.0,speed_1014_99.jpg
100,447.0,speed_1014_100.jpg
101,442.0,speed_1014_101.jpg
102,267.0,speed_1014_102.jpg
103,477.0,speed_1014_103.jpg
104,449.0,speed_1014_104.jpg
105,477.0,speed_1014_105.jpg
106,449.0,speed_1014_106.jpg
107,464.0,speed_1014_107.jpg
108,510.0,speed_1014_108.jpg
109,452.0,speed_1014_109.jpg
110,498.0,speed_1014_110.jpg
111,470.0,speed_1014_111.jpg
112,468.0,speed_1014_112.jpg
113,484.0,speed_1014_113.jpg
114,511.0,speed_1014_114.jpg
115,479.0,speed_1014_115.jpg
116,460.0,speed_1014_116.jpg
117,491.0,speed_1014_117.jpg
118,486.0,speed_1014_118.jpg
119,429.0,speed_1014_119.jpg
120,407.0,speed_1014_120.jpg
121,457.0,speed_1014_121.jpg
122,650.0,speed_1014_122.jpg
123,441.0,speed_1014_123.jpg
124,515.0,speed_1014_124.jpg
125,465.0,speed_1014_125.jpg
126,1064.0,speed_1014_126.jpg
127,477.0,speed_1014_127.jpg
128,536.0,speed_1014_128.jpg
129,460.0,speed_1014_129.jpg
130,540.0,speed_1014_130.jpg
131,474.0,speed_1014_131.jpg
132,498.0,speed_1014_132.jpg
133,735.0,speed_1014_133.jpg
134,479.0,speed_1014_134.jpg
135,524.0,speed_1014_135.jpg
136,501.0,speed_1014_136.jpg
137,507.0,speed_1014_137.jpg
138,471.0,speed_1014_138.jpg
139,522.0,speed_1014_139.jpg
140,507.0,speed_1014_140.jpg
141,506.0,speed_1014_141.jpg
142,497.0,speed_1014_142.jpg
143,527.0,speed_1014_143.jpg
144,497.0,speed_1014_144.jpg
145,575.0,speed_1014_145.jpg
146,628.0,speed_1014_146.jpg
147,573.0,speed_1014_147.jpg
148,496.0,speed_1014_148.jpg
149,542.0,speed_1014_149.jpg
150,510.0,speed_1014_150.jpg
151,613.0,speed_1014_151.jpg
152,532.0,speed_1014_152.jpg
153,509.0,speed_1014_153.jpg
154,540.0,speed_1014_154.jpg
155,490.0,speed_1014_155.jpg
156,506.0,speed_1014_156.jpg
157,471.0,speed_1014_157.jpg
158,469.0,speed_1014_158.jpg
159,548.0,speed_1014_159.jpg
160,508.0,speed_1014_160.jpg
161,510.0,speed_1014_161.jpg
162,521.0,speed_1014_162.jpg
163,546.0,speed_1014_163.jpg
164,534.0,speed_1014_164.jpg
165,465.0,speed_1014_165.jpg
166,498.0,speed_1014_166.jpg
167,511.0,speed_1014_167.jpg
168,590.0,speed_1014_168.jpg
169,483.0,speed_1014_169.jpg
170,470.0,speed_1014_170.jpg
171,422.0,speed_1014_171.jpg
172,520.0,speed_1014_172.jpg
173,531.0,speed_1014_173.jpg
174,496.0,speed_1014_174.jpg
175,510.0,speed_1014_175.jpg
176,467.0,speed_1014_176.jpg
177,530.0,speed_1014_177.jpg
178,1521.0,speed_1014_178.jpg
179,513.0,speed_1014_179.jpg
180,861.0,speed_1014_180.jpg
181,1195.0,speed_1014_181.jpg
182,480.0,speed_1014_182.jpg
183,490.0,speed_1014_183.jpg
184,811.0,speed_1014_184.jpg
185,481.0,speed_1014_185.jpg
186,498.0,speed_1014_186.jpg
187,495.0,speed_1014_187.jpg
188,486.0,speed_1014_188.jpg
189,492.0,speed_1014_189.jpg
190,480.0,speed_1014_190.jpg
191,513.0,speed_1014_191.jpg
192,511.0,speed_1014_192.jpg
193,511.0,speed_1014_193.jpg
194,486.0,speed_1014_194.jpg
195,489.0,speed_1014_195.jpg
196,1194.0,speed_1014_196.jpg
197,495.0,speed_1014_197.jpg
198,489.0,speed_1014_198.jpg
199,504.0,speed_1014_199.jpg
200,473.0,speed_1014_200.jpg
201,2703.0,speed_1014_201.jpg
202,543.0,speed_1014_202.jpg
203,531.0,speed_1014_203.jpg
204,553.0,speed_1014_204.jpg
205,561.0,speed_1014_205.jpg
206,575.0,speed_1014_206.jpg
207,524.0,speed_1014_207.jpg
208,514.0,speed_1014_208.jpg
209,548.0,speed_1014_209.jpg
210,505.0,speed_1014_210.jpg
211,466.0,speed_1014_211.jpg
212,473.0,speed_1014_212.jpg
213,522.0,speed_1014_213.jpg
214,512.0,speed_1014_214.jpg
215,549.0,speed_1014_215.jpg
216,533.0,speed_1014_216.jpg
217,498.0,speed_1014_217.jpg
218,511.0,speed_1014_218.jpg
219,498.0,speed_1014_219.jpg
220,483.0,speed_1014_220.jpg
221,1167.0,speed_1014_221.jpg
222,464.0,speed_1014_222.jpg
223,513.0,speed_1014_223.jpg
224,513.0,speed_1014_224.jpg
225,485.0,speed_1014_225.jpg
226,459.0,speed_1014_226.jpg
227,522.0,speed_1014_227.jpg
228,456.0,speed_1014_228.jpg
229,489.0,speed_1014_229.jpg
230,474.0,speed_1014_230.jpg
231,484.0,speed_1014_231.jpg
232,483.0,speed_1014_232.jpg
233,474.0,speed_1014_233.jpg
234,485.0,speed_1014_234.jpg
235,498.0,speed_1014_235.jpg
236,509.0,speed_1014_236.jpg
237,502.0,speed_1014_237.jpg
238,458.0,speed_1014_238.jpg
239,485.0,speed_1014_239.jpg
240,510.0,speed_1014_240.jpg
241,1249.0,speed_1014_241.jpg
242,469.0,speed_1014_242.jpg
243,478.0,speed_1014_243.jpg
244,524.0,speed_1014_244.jpg
245,651.0,speed_1014_245.jpg
246,858.0,speed_1014_246.jpg
247,515.0,speed_1014_247.jpg
248,458.0,speed_1014_248.jpg
249,480.0,speed_1014_249.jpg
250,447.0,speed_1014_250.jpg
251,1870.0,speed_1014_251.jpg
252,469.0,speed_1014_252.jpg
253,523.0,speed_1014_253.jpg
254,509.0,speed_1014_254.jpg
255,488.0,speed_1014_255.jpg
256,466.0,speed_1014_256.jpg
257,659.0,speed_1014_257.jpg
258,450.0,speed_1014_258.jpg
259,474.0,speed_1014_259.jpg
260,554.0,speed_1014_260.jpg
261,466.0,speed_1014_261.jpg
262,454.0,speed_1014_262.jpg
263,509.0,speed_1014_263.jpg
264,499.0,speed_1014_264.jpg
265,453.0,speed_1014_265.jpg
266,460.0,speed_1014_266.jpg
267,484.0,speed_1014_267.jpg
268,470.0,speed_1014_268.jpg
269,471.0,speed_1014_269.jpg
270,520.0,speed_1014_270.jpg
271,497.0,speed_1014_271.jpg
272,475.0,speed_1014_272.jpg
0,582.0,speed_1020_0.jpg
1,1762.0,speed_1020_1.jpg
2,496.0,speed_1020_2.jpg
3,542.0,speed_1020_3.jpg
4,626.0,speed_1020_4.jpg
5,569.0,speed_1020_5.jpg
6,554.0,speed_1020_6.jpg
7,559.0,speed_1020_7.jpg
8,567.0,speed_1020_8.jpg
9,539.0,speed_1020_9.jpg
10,601.0,speed_1020_10.jpg
11,506.0,speed_1020_11.jpg
12,509.0,speed_1020_12.jpg
13,512.0,speed_1020_13.jpg
14,529.0,speed_1020_14.jpg
15,491.0,speed_1020_15.jpg
16,484.0,speed_1020_16.jpg
17,558.0,speed_1020_17.jpg
18,606.0,speed_1020_18.jpg
19,515.0,speed_1020_19.jpg
20,593.0,speed_1020_20.jpg
21,720.0,speed_1020_21.jpg
22,453.0,speed_1020_22.jpg
23,508.0,speed_1020_23.jpg
24,529.0,speed_1020_24.jpg
25,536.0,speed_1020_25.jpg
26,489.0,speed_1020_26.jpg
27,494.0,speed_1020_27.jpg
28,474.0,speed_1020_28.jpg
29,525.0,speed_1020_29.jpg
30,475.0,speed_1020_30.jpg
31,478.0,speed_1020_31.jpg
32,511.0,speed_1020_32.jpg
33,470.0,speed_1020_33.jpg
34,509.0,speed_1020_34.jpg
35,513.0,speed_1020_35.jpg
36,537.0,speed_1020_36.jpg
37,547.0,speed_1020_37.jpg
38,412.0,speed_1020_38.jpg
39,1147.0,speed_1020_39.jpg
40,778.0,speed_1020_40.jpg
41,778.0,speed_1020_41.jpg
42,805.0,speed_1020_42.jpg
43,534.0,speed_1020_43.jpg
44,542.0,speed_1020_44.jpg
45,487.0,speed_1020_45.jpg
46,447.0,speed_1020_46.jpg
47,530.0,speed_1020_47.jpg
48,492.0,speed_1020_48.jpg
49,428.0,speed_1020_49.jpg
50,469.0,speed_1020_50.jpg
51,553.0,speed_1020_51.jpg
52,495.0,speed_1020_52.jpg
53,501.0,speed_1020_53.jpg
54,470.0,speed_1020_54.jpg
55,482.0,speed_1020_55.jpg
56,2136.0,speed_1020_56.jpg
57,526.0,speed_1020_57.jpg
58,451.0,speed_1020_58.jpg
59,485.0,speed_1020_59.jpg
60,469.0,speed_1020_60.jpg
61,491.0,speed_1020_61.jpg
62,490.0,speed_1020_62.jpg
63,453.0,speed_1020_63.jpg
64,447.0,speed_1020_64.jpg
65,427.0,speed_1020_65.jpg
66,433.0,speed_1020_66.jpg
67,459.0,speed_1020_67.jpg
68,455.0,speed_1020_68.jpg
69,465.0,speed_1020_69.jpg
70,479.0,speed_1020_70.jpg
71,1411.0,speed_1020_71.jpg
72,472.0,speed_1020_72.jpg
73,484.0,speed_1020_73.jpg
74,504.0,speed_1020_74.jpg
75,1608.0,speed_1020_75.jpg
76,438.0,speed_1020_76.jpg
77,2461.0,speed_1020_77.jpg
78,470.0,speed_1020_78.jpg
79,431.0,speed_1020_79.jpg
80,477.0,speed_1020_80.jpg
81,526.0,speed_1020_81.jpg
82,475.0,speed_1020_82.jpg
83,527.0,speed_1020_83.jpg
84,473.0,speed_1020_84.jpg
85,458.0,speed_1020_85.jpg
86,459.0,speed_1020_86.jpg
87,478.0,speed_1020_87.jpg
88,504.0,speed_1020_88.jpg
89,479.0,speed_1020_89.jpg
90,471.0,speed_1020_90.jpg
91,436.0,speed_1020_91.jpg
92,492.0,speed_1020_92.jpg
93,1258.0,speed_1020_93.jpg
94,552.0,speed_1020_94.jpg
95,468.0,speed_1020_95.jpg
96,501.0,speed_1020_96.jpg
97,463.0,speed_1020_97.jpg
98,456.0,speed_1020_98.jpg
99,459.0,speed_1020_99.jpg
100,519.0,speed_1020_100.jpg
101,481.0,speed_1020_101.jpg
102,499.0,speed_1020_102.jpg
103,492.0,speed_1020_103.jpg
104,478.0,speed_1020_104.jpg
105,465.0,speed_1020_105.jpg
106,460.0,speed_1020_106.jpg
107,456.0,speed_1020_107.jpg
108,504.0,speed_1020_108.jpg
109,484.0,speed_1020_109.jpg
110,452.0,speed_1020_110.jpg
111,516.0,speed_1020_111.jpg
112,485.0,speed_1020_112.jpg
113,491.0,speed_1020_113.jpg
114,1373.0,speed_1020_114.jpg
115,511.0,speed_1020_115.jpg
116,514.0,speed_1020_116.jpg
117,497.0,speed_1020_117.jpg
118,513.0,speed_1020_118.jpg
119,525.0,speed_1020_119.jpg
120,526.0,speed_1020_120.jpg
121,545.0,speed_1020_121.jpg
122,524.0,speed_1020_122.jpg
123,555.0,speed_1020_123.jpg
124,633.0,speed_1020_124.jpg
125,614.0,speed_1020_125.jpg
126,606.0,speed_1020_126.jpg
127,606.0,speed_1020_127.jpg
128,2362.0,speed_1020_128.jpg
129,593.0,speed_1020_129.jpg
130,566.0,speed_1020_130.jpg
131,577.0,speed_1020_131.jpg
132,573.0,speed_1020_132.jpg
133,557.0,speed_1020_133.jpg
134,590.0,speed_1020_134.jpg
135,335.0,speed_1020_135.jpg
136,302.0,speed_1020_136.jpg
137,803.0,speed_1020_137.jpg
138,406.0,speed_1020_138.jpg
139,464.0,speed_1020_139.jpg
140,467.0,speed_1020_140.jpg
141,422.0,speed_1020_141.jpg
142,404.0,speed_1020_142.jpg
143,866.0,speed_1020_143.jpg
144,440.0,speed_1020_144.jpg
145,421.0,speed_1020_145.jpg
146,376.0,speed_1020_146.jpg
147,342.0,speed_1020_147.jpg
148,325.0,speed_1020_148.jpg
149,351.0,speed_1020_149.jpg
150,383.0,speed_1020_150.jpg
151,411.0,speed_1020_151.jpg
152,415.0,speed_1020_152.jpg
153,452.0,speed_1020_153.jpg
154,479.0,speed_1020_154.jpg
155,449.0,speed_1020_155.jpg
156,423.0,speed_1020_156.jpg
157,382.0,speed_1020_157.jpg
158,387.0,speed_1020_158.jpg
159,377.0,speed_1020_159.jpg
160,427.0,speed_1020_160.jpg
161,374.0,speed_1020_161.jpg
162,391.0,speed_1020_162.jpg
163,450.0,speed_1020_163.jpg
164,463.0,speed_1020_164.jpg
165,491.0,speed_1020_165.jpg
166,439.0,speed_1020_166.jpg
167,498.0,speed_1020_167.jpg
168,485.0,speed_1020_168.jpg
169,544.0,speed_1020_169.jpg
170,494.0,speed_1020_170.jpg
171,524.0,speed_1020_171.jpg
172,519.0,speed_1020_172.jpg
173,523.0,speed_1020_173.jpg
174,513.0,speed_1020_174.jpg
175,523.0,speed_1020_175.jpg
176,498.0,speed_1020_176.jpg
177,540.0,speed_1020_177.jpg
178,623.0,speed_1020_178.jpg
179,535.0,speed_1020_179.jpg
180,525.0,speed_1020_180.jpg
181,587.0,speed_1020_181.jpg
182,551.0,speed_1020_182.jpg
183,660.0,speed_1020_183.jpg
184,844.0,speed_1020_184.jpg
185,558.0,speed_1020_185.jpg
186,538.0,speed_1020_186.jpg
187,819.0,speed_1020_187.jpg
188,511.0,speed_1020_188.jpg
189,543.0,speed_1020_189.jpg
190,508.0,speed_1020_190.jpg
191,546.0,speed_1020_191.jpg
192,532.0,speed_1020_192.jpg
193,552.0,speed_1020_193.jpg
194,530.0,speed_1020_194.jpg
195,599.0,speed_1020_195.jpg
196,575.0,speed_1020_196.jpg
197,540.0,speed_1020_197.jpg
198,584.0,speed_1020_198.jpg
199,572.0,speed_1020_199.jpg
200,583.0,speed_1020_200.jpg
201,614.0,speed_1020_201.jpg
202,615.0,speed_1020_202.jpg
203,523.0,speed_1020_203.jpg
204,552.0,speed_1020_204.jpg
205,636.0,speed_1020_205.jpg
206,561.0,speed_1020_206.jpg
207,526.0,speed_1020_207.jpg
208,512.0,speed_1020_208.jpg
209,556.0,speed_1020_209.jpg
210,546.0,speed_1020_210.jpg
211,440.0,speed_1020_211.jpg
212,404.0,speed_1020_212.jpg
213,385.0,speed_1020_213.jpg
214,345.0,speed_1020_214.jpg
215,310.0,speed_1020_215.jpg
216,311.0,speed_1020_216.jpg
217,497.0,speed_1020_217.jpg
218,2480.0,speed_1020_218.jpg
219,621.0,speed_1020_219.jpg
220,477.0,speed_1020_220.jpg
221,329.0,speed_1020_221.jpg
222,364.0,speed_1020_222.jpg
223,378.0,speed_1020_223.jpg
224,340.0,speed_1020_224.jpg
225,305.0,speed_1020_225.jpg
226,329.0,speed_1020_226.jpg
227,285.0,speed_1020_227.jpg
228,275.0,speed_1020_228.jpg
229,315.0,speed_1020_229.jpg
230,295.0,speed_1020_230.jpg
231,339.0,speed_1020_231.jpg
232,279.0,speed_1020_232.jpg
233,283.0,speed_1020_233.jpg
234,315.0,speed_1020_234.jpg
235,292.0,speed_1020_235.jpg
236,266.0,speed_1020_236.jpg
237,308.0,speed_1020_237.jpg
238,289.0,speed_1020_238.jpg
239,307.0,speed_1020_239.jpg
240,282.0,speed_1020_240.jpg
241,303.0,speed_1020_241.jpg
242,302.0,speed_1020_242.jpg
243,271.0,speed_1020_243.jpg
244,306.0,speed_1020_244.jpg
245,274.0,speed_1020_245.jpg
246,183.0,speed_1020_246.jpg
247,288.0,speed_1020_247.jpg
248,269.0,speed_1020_248.jpg
249,312.0,speed_1020_249.jpg
250,276.0,speed_1020_250.jpg
251,275.0,speed_1020_251.jpg
252,289.0,speed_1020_252.jpg
253,283.0,speed_1020_253.jpg
254,299.0,speed_1020_254.jpg
255,273.0,speed_1020_255.jpg
256,290.0,speed_1020_256.jpg
257,277.0,speed_1020_257.jpg
258,264.0,speed_1020_258.jpg
259,261.0,speed_1020_259.jpg
260,308.0,speed_1020_260.jpg
261,282.0,speed_1020_261.jpg
262,273.0,speed_1020_262.jpg
263,255.0,speed_1020_263.jpg
264,266.0,speed_1020_264.jpg
265,262.0,speed_1020_265.jpg
266,296.0,speed_1020_266.jpg
267,278.0,speed_1020_267.jpg
268,308.0,speed_1020_268.jpg
269,279.0,speed_1020_269.jpg
270,272.0,speed_1020_270.jpg
271,312.0,speed_1020_271.jpg
272,262.0,speed_1020_272.jpg
0,309.0,speed_1018_0.jpg
1,336.0,speed_1018_1.jpg
2,284.0,speed_1018_2.jpg
3,363.0,speed_1018_3.jpg
4,324.0,speed_1018_4.jpg
5,350.0,speed_1018_5.jpg
6,299.0,speed_1018_6.jpg
7,348.0,speed_1018_7.jpg
8,275.0,speed_1018_8.jpg
9,397.0,speed_1018_9.jpg
10,322.0,speed_1018_10.jpg
11,315.0,speed_1018_11.jpg
12,332.0,speed_1018_12.jpg
13,494.0,speed_1018_13.jpg
14,320.0,speed_1018_14.jpg
15,300.0,speed_1018_15.jpg
16,339.0,speed_1018_16.jpg
17,335.0,speed_1018_17.jpg
18,330.0,speed_1018_18.jpg
19,357.0,speed_1018_19.jpg
20,323.0,speed_1018_20.jpg
21,369.0,speed_1018_21.jpg
22,591.0,speed_1018_22.jpg
23,321.0,speed_1018_23.jpg
24,334.0,speed_1018_24.jpg
25,307.0,speed_1018_25.jpg
26,263.0,speed_1018_26.jpg
27,328.0,speed_1018_27.jpg
28,687.0,speed_1018_28.jpg
29,418.0,speed_1018_29.jpg
30,302.0,speed_1018_30.jpg
31,270.0,speed_1018_31.jpg
32,330.0,speed_1018_32.jpg
33,345.0,speed_1018_33.jpg
34,328.0,speed_1018_34.jpg
35,345.0,speed_1018_35.jpg
36,325.0,speed_1018_36.jpg
37,311.0,speed_1018_37.jpg
38,316.0,speed_1018_38.jpg
39,477.0,speed_1018_39.jpg
40,302.0,speed_1018_40.jpg
41,326.0,speed_1018_41.jpg
42,325.0,speed_1018_42.jpg
43,305.0,speed_1018_43.jpg
44,324.0,speed_1018_44.jpg
45,294.0,speed_1018_45.jpg
46,342.0,speed_1018_46.jpg
47,327.0,speed_1018_47.jpg
48,277.0,speed_1018_48.jpg
49,347.0,speed_1018_49.jpg
50,344.0,speed_1018_50.jpg
51,303.0,speed_1018_51.jpg
52,338.0,speed_1018_52.jpg
53,332.0,speed_1018_53.jpg
54,259.0,speed_1018_54.jpg
55,447.0,speed_1018_55.jpg
56,262.0,speed_1018_56.jpg
57,260.0,speed_1018_57.jpg
58,249.0,speed_1018_58.jpg
59,289.0,speed_1018_59.jpg
60,285.0,speed_1018_60.jpg
61,282.0,speed_1018_61.jpg
62,604.0,speed_1018_62.jpg
63,282.0,speed_1018_63.jpg
64,281.0,speed_1018_64.jpg
65,306.0,speed_1018_65.jpg
66,310.0,speed_1018_66.jpg
67,281.0,speed_1018_67.jpg
68,311.0,speed_1018_68.jpg
69,340.0,speed_1018_69.jpg
70,306.0,speed_1018_70.jpg
71,297.0,speed_1018_71.jpg
72,333.0,speed_1018_72.jpg
73,339.0,speed_1018_73.jpg
74,318.0,speed_1018_74.jpg
75,317.0,speed_1018_75.jpg
76,333.0,speed_1018_76.jpg
77,352.0,speed_1018_77.jpg
78,301.0,speed_1018_78.jpg
79,366.0,speed_1018_79.jpg
80,377.0,speed_1018_80.jpg
81,305.0,speed_1018_81.jpg
82,1251.0,speed_1018_82.jpg
83,350.0,speed_1018_83.jpg
84,278.0,speed_1018_84.jpg
85,294.0,speed_1018_85.jpg
86,368.0,speed_1018_86.jpg
87,342.0,speed_1018_87.jpg
88,353.0,speed_1018_88.jpg
89,347.0,speed_1018_89.jpg
90,2495.0,speed_1018_90.jpg
91,864.0,speed_1018_91.jpg
92,324.0,speed_1018_92.jpg
93,286.0,speed_1018_93.jpg
94,323.0,speed_1018_94.jpg
95,340.0,speed_1018_95.jpg
96,276.0,speed_1018_96.jpg
97,295.0,speed_1018_97.jpg
98,350.0,speed_1018_98.jpg
99,307.0,speed_1018_99.jpg
100,332.0,speed_1018_100.jpg
101,282.0,speed_1018_101.jpg
102,219.0,speed_1018_102.jpg
103,296.0,speed_1018_103.jpg
104,310.0,speed_1018_104.jpg
105,306.0,speed_1018_105.jpg
106,288.0,speed_1018_106.jpg
107,270.0,speed_1018_107.jpg
108,269.0,speed_1018_108.jpg
109,346.0,speed_1018_109.jpg
110,304.0,speed_1018_110.jpg
111,296.0,speed_1018_111.jpg
112,271.0,speed_1018_112.jpg
113,307.0,speed_1018_113.jpg
114,305.0,speed_1018_114.jpg
115,320.0,speed_1018_115.jpg
116,311.0,speed_1018_116.jpg
117,261.0,speed_1018_117.jpg
118,293.0,speed_1018_118.jpg
119,540.0,speed_1018_119.jpg
120,272.0,speed_1018_120.jpg
121,459.0,speed_1018_121.jpg
122,471.0,speed_1018_122.jpg
123,522.0,speed_1018_123.jpg
124,573.0,speed_1018_124.jpg
125,544.0,speed_1018_125.jpg
126,462.0,speed_1018_126.jpg
127,549.0,speed_1018_127.jpg
128,524.0,speed_1018_128.jpg
129,252.0,speed_1018_129.jpg
130,589.0,speed_1018_130.jpg
131,489.0,speed_1018_131.jpg
132,548.0,speed_1018_132.jpg
133,478.0,speed_1018_133.jpg
134,2278.0,speed_1018_134.jpg
135,501.0,speed_1018_135.jpg
136,520.0,speed_1018_136.jpg
137,535.0,speed_1018_137.jpg
138,507.0,speed_1018_138.jpg
139,501.0,speed_1018_139.jpg
140,530.0,speed_1018_140.jpg
141,536.0,speed_1018_141.jpg
142,515.0,speed_1018_142.jpg
143,519.0,speed_1018_143.jpg
144,1872.0,speed_1018_144.jpg
145,530.0,speed_1018_145.jpg
146,530.0,speed_1018_146.jpg
147,510.0,speed_1018_147.jpg
148,525.0,speed_1018_148.jpg
149,522.0,speed_1018_149.jpg
150,497.0,speed_1018_150.jpg
151,524.0,speed_1018_151.jpg
152,544.0,speed_1018_152.jpg
153,539.0,speed_1018_153.jpg
154,540.0,speed_1018_154.jpg
155,508.0,speed_1018_155.jpg
156,1175.0,speed_1018_156.jpg
157,531.0,speed_1018_157.jpg
158,508.0,speed_1018_158.jpg
159,579.0,speed_1018_159.jpg
160,591.0,speed_1018_160.jpg
161,616.0,speed_1018_161.jpg
162,623.0,speed_1018_162.jpg
163,702.0,speed_1018_163.jpg
164,685.0,speed_1018_164.jpg
165,670.0,speed_1018_165.jpg
166,658.0,speed_1018_166.jpg
167,760.0,speed_1018_167.jpg
168,711.0,speed_1018_168.jpg
169,685.0,speed_1018_169.jpg
170,794.0,speed_1018_170.jpg
171,709.0,speed_1018_171.jpg
172,772.0,speed_1018_172.jpg
173,832.0,speed_1018_173.jpg
174,852.0,speed_1018_174.jpg
175,885.0,speed_1018_175.jpg
176,848.0,speed_1018_176.jpg
177,868.0,speed_1018_177.jpg
178,927.0,speed_1018_178.jpg
179,952.0,speed_1018_179.jpg
180,894.0,speed_1018_180.jpg
181,913.0,speed_1018_181.jpg
182,913.0,speed_1018_182.jpg
183,735.0,speed_1018_183.jpg
184,942.0,speed_1018_184.jpg
185,877.0,speed_1018_185.jpg
186,1003.0,speed_1018_186.jpg
187,1023.0,speed_1018_187.jpg
188,1001.0,speed_1018_188.jpg
189,1068.0,speed_1018_189.jpg
190,1081.0,speed_1018_190.jpg
191,1020.0,speed_1018_191.jpg
192,410.0,speed_1018_192.jpg
193,1002.0,speed_1018_193.jpg
194,1052.0,speed_1018_194.jpg
195,957.0,speed_1018_195.jpg
196,828.0,speed_1018_196.jpg
197,1165.0,speed_1018_197.jpg
198,1112.0,speed_1018_198.jpg
199,1105.0,speed_1018_199.jpg
200,1121.0,speed_1018_200.jpg
201,528.0,speed_1018_201.jpg
202,1144.0,speed_1018_202.jpg
203,1114.0,speed_1018_203.jpg
204,1208.0,speed_1018_204.jpg
205,1204.0,speed_1018_205.jpg
206,1169.0,speed_1018_206.jpg
207,1156.0,speed_1018_207.jpg
208,1133.0,speed_1018_208.jpg
209,972.0,speed_1018_209.jpg
210,985.0,speed_1018_210.jpg
211,944.0,speed_1018_211.jpg
212,2924.0,speed_1018_212.jpg
213,854.0,speed_1018_213.jpg
214,828.0,speed_1018_214.jpg
215,692.0,speed_1018_215.jpg
216,627.0,speed_1018_216.jpg
217,536.0,speed_1018_217.jpg
218,462.0,speed_1018_218.jpg
219,2773.0,speed_1018_219.jpg
220,1495.0,speed_1018_220.jpg
221,513.0,speed_1018_221.jpg
222,476.0,speed_1018_222.jpg
223,467.0,speed_1018_223.jpg
224,466.0,speed_1018_224.jpg
225,493.0,speed_1018_225.jpg
226,464.0,speed_1018_226.jpg
227,484.0,speed_1018_227.jpg
228,493.0,speed_1018_228.jpg
229,544.0,speed_1018_229.jpg
230,540.0,speed_1018_230.jpg
231,485.0,speed_1018_231.jpg
232,489.0,speed_1018_232.jpg
233,542.0,speed_1018_233.jpg
234,641.0,speed_1018_234.jpg
235,622.0,speed_1018_235.jpg
236,1057.0,speed_1018_236.jpg
237,814.0,speed_1018_237.jpg
238,1020.0,speed_1018_238.jpg
239,1154.0,speed_1018_239.jpg
240,1041.0,speed_1018_240.jpg
241,918.0,speed_1018_241.jpg
242,772.0,speed_1018_242.jpg
243,604.0,speed_1018_243.jpg
244,515.0,speed_1018_244.jpg
245,451.0,speed_1018_245.jpg
246,526.0,speed_1018_246.jpg
247,460.0,speed_1018_247.jpg
248,505.0,speed_1018_248.jpg
249,457.0,speed_1018_249.jpg
250,531.0,speed_1018_250.jpg
251,509.0,speed_1018_251.jpg
252,466.0,speed_1018_252.jpg
253,563.0,speed_1018_253.jpg
254,603.0,speed_1018_254.jpg
255,672.0,speed_1018_255.jpg
256,613.0,speed_1018_256.jpg
257,552.0,speed_1018_257.jpg
258,456.0,speed_1018_258.jpg
259,489.0,speed_1018_259.jpg
260,543.0,speed_1018_260.jpg
261,506.0,speed_1018_261.jpg
262,500.0,speed_1018_262.jpg
263,589.0,speed_1018_263.jpg
264,287.0,speed_1018_264.jpg
265,528.0,speed_1018_265.jpg
266,501.0,speed_1018_266.jpg
267,489.0,speed_1018_267.jpg
268,466.0,speed_1018_268.jpg
269,507.0,speed_1018_269.jpg
270,547.0,speed_1018_270.jpg
271,532.0,speed_1018_271.jpg
272,510.0,speed_1018_272.jpg
0,533.0,speed_1015_0.jpg
1,542.0,speed_1015_1.jpg
2,482.0,speed_1015_2.jpg
3,505.0,speed_1015_3.jpg
4,497.0,speed_1015_4.jpg
5,432.0,speed_1015_5.jpg
6,442.0,speed_1015_6.jpg
7,550.0,speed_1015_7.jpg
8,552.0,speed_1015_8.jpg
9,573.0,speed_1015_9.jpg
10,499.0,speed_1015_10.jpg
11,1084.0,speed_1015_11.jpg
12,502.0,speed_1015_12.jpg
13,595.0,speed_1015_13.jpg
14,485.0,speed_1015_14.jpg
15,422.0,speed_1015_15.jpg
16,460.0,speed_1015_16.jpg
17,1155.0,speed_1015_17.jpg
18,546.0,speed_1015_18.jpg
19,509.0,speed_1015_19.jpg
20,536.0,speed_1015_20.jpg
21,525.0,speed_1015_21.jpg
22,523.0,speed_1015_22.jpg
23,772.0,speed_1015_23.jpg
24,518.0,speed_1015_24.jpg
25,406.0,speed_1015_25.jpg
26,779.0,speed_1015_26.jpg
27,490.0,speed_1015_27.jpg
28,607.0,speed_1015_28.jpg
29,542.0,speed_1015_29.jpg
30,519.0,speed_1015_30.jpg
31,1099.0,speed_1015_31.jpg
32,518.0,speed_1015_32.jpg
33,510.0,speed_1015_33.jpg
34,523.0,speed_1015_34.jpg
35,419.0,speed_1015_35.jpg
36,537.0,speed_1015_36.jpg
37,598.0,speed_1015_37.jpg
38,516.0,speed_1015_38.jpg
39,544.0,speed_1015_39.jpg
40,419.0,speed_1015_40.jpg
41,568.0,speed_1015_41.jpg
42,397.0,speed_1015_42.jpg
43,445.0,speed_1015_43.jpg
44,448.0,speed_1015_44.jpg
45,559.0,speed_1015_45.jpg
46,677.0,speed_1015_46.jpg
47,1381.0,speed_1015_47.jpg
48,1291.0,speed_1015_48.jpg
49,485.0,speed_1015_49.jpg
50,480.0,speed_1015_50.jpg
51,480.0,speed_1015_51.jpg
52,530.0,speed_1015_52.jpg
53,515.0,speed_1015_53.jpg
54,487.0,speed_1015_54.jpg
55,512.0,speed_1015_55.jpg
56,453.0,speed_1015_56.jpg
57,2794.0,speed_1015_57.jpg
58,498.0,speed_1015_58.jpg
59,545.0,speed_1015_59.jpg
60,539.0,speed_1015_60.jpg
61,495.0,speed_1015_61.jpg
62,578.0,speed_1015_62.jpg
63,524.0,speed_1015_63.jpg
64,454.0,speed_1015_64.jpg
65,478.0,speed_1015_65.jpg
66,466.0,speed_1015_66.jpg
67,488.0,speed_1015_67.jpg
68,528.0,speed_1015_68.jpg
69,1026.0,speed_1015_69.jpg
70,500.0,speed_1015_70.jpg
71,522.0,speed_1015_71.jpg
72,462.0,speed_1015_72.jpg
73,548.0,speed_1015_73.jpg
74,611.0,speed_1015_74.jpg
75,629.0,speed_1015_75.jpg
76,616.0,speed_1015_76.jpg
77,656.0,speed_1015_77.jpg
78,570.0,speed_1015_78.jpg
79,1515.0,speed_1015_79.jpg
80,531.0,speed_1015_80.jpg
81,534.0,speed_1015_81.jpg
82,1082.0,speed_1015_82.jpg
83,524.0,speed_1015_83.jpg
84,525.0,speed_1015_84.jpg
85,513.0,speed_1015_85.jpg
86,459.0,speed_1015_86.jpg
87,516.0,speed_1015_87.jpg
88,529.0,speed_1015_88.jpg
89,924.0,speed_1015_89.jpg
90,618.0,speed_1015_90.jpg
91,469.0,speed_1015_91.jpg
92,522.0,speed_1015_92.jpg
93,527.0,speed_1015_93.jpg
94,480.0,speed_1015_94.jpg
95,462.0,speed_1015_95.jpg
96,518.0,speed_1015_96.jpg
97,547.0,speed_1015_97.jpg
98,470.0,speed_1015_98.jpg
99,569.0,speed_1015_99.jpg
100,487.0,speed_1015_100.jpg
101,467.0,speed_1015_101.jpg
102,487.0,speed_1015_102.jpg
103,540.0,speed_1015_103.jpg
104,517.0,speed_1015_104.jpg
105,444.0,speed_1015_105.jpg
106,468.0,speed_1015_106.jpg
107,528.0,speed_1015_107.jpg
108,556.0,speed_1015_108.jpg
109,1756.0,speed_1015_109.jpg
110,481.0,speed_1015_110.jpg
111,493.0,speed_1015_111.jpg
112,484.0,speed_1015_112.jpg
113,454.0,speed_1015_113.jpg
114,475.0,speed_1015_114.jpg
115,563.0,speed_1015_115.jpg
116,459.0,speed_1015_116.jpg
117,531.0,speed_1015_117.jpg
118,538.0,speed_1015_118.jpg
119,473.0,speed_1015_119.jpg
120,538.0,speed_1015_120.jpg
121,475.0,speed_1015_121.jpg
122,565.0,speed_1015_122.jpg
123,522.0,speed_1015_123.jpg
124,471.0,speed_1015_124.jpg
125,468.0,speed_1015_125.jpg
126,531.0,speed_1015_126.jpg
127,592.0,speed_1015_127.jpg
128,512.0,speed_1015_128.jpg
129,1054.0,speed_1015_129.jpg
130,561.0,speed_1015_130.jpg
131,548.0,speed_1015_131.jpg
132,514.0,speed_1015_132.jpg
133,470.0,speed_1015_133.jpg
134,535.0,speed_1015_134.jpg
135,486.0,speed_1015_135.jpg
136,553.0,speed_1015_136.jpg
137,555.0,speed_1015_137.jpg
138,578.0,speed_1015_138.jpg
139,586.0,speed_1015_139.jpg
140,594.0,speed_1015_140.jpg
141,552.0,speed_1015_141.jpg
142,471.0,speed_1015_142.jpg
143,493.0,speed_1015_143.jpg
144,442.0,speed_1015_144.jpg
145,561.0,speed_1015_145.jpg
146,503.0,speed_1015_146.jpg
147,489.0,speed_1015_147.jpg
148,571.0,speed_1015_148.jpg
149,508.0,speed_1015_149.jpg
150,513.0,speed_1015_150.jpg
151,524.0,speed_1015_151.jpg
152,532.0,speed_1015_152.jpg
153,524.0,speed_1015_153.jpg
154,504.0,speed_1015_154.jpg
155,2294.0,speed_1015_155.jpg
156,488.0,speed_1015_156.jpg
157,523.0,speed_1015_157.jpg
158,505.0,speed_1015_158.jpg
159,544.0,speed_1015_159.jpg
160,578.0,speed_1015_160.jpg
161,584.0,speed_1015_161.jpg
162,564.0,speed_1015_162.jpg
163,592.0,speed_1015_163.jpg
164,649.0,speed_1015_164.jpg
165,711.0,speed_1015_165.jpg
166,725.0,speed_1015_166.jpg
167,766.0,speed_1015_167.jpg
168,835.0,speed_1015_168.jpg
169,971.0,speed_1015_169.jpg
170,1542.0,speed_1015_170.jpg
171,947.0,speed_1015_171.jpg
172,2268.0,speed_1015_172.jpg
173,931.0,speed_1015_173.jpg
174,787.0,speed_1015_174.jpg
175,926.0,speed_1015_175.jpg
176,869.0,speed_1015_176.jpg
177,962.0,speed_1015_177.jpg
178,936.0,speed_1015_178.jpg
179,991.0,speed_1015_179.jpg
180,983.0,speed_1015_180.jpg
181,911.0,speed_1015_181.jpg
182,865.0,speed_1015_182.jpg
183,724.0,speed_1015_183.jpg
184,2205.0,speed_1015_184.jpg
185,656.0,speed_1015_185.jpg
186,661.0,speed_1015_186.jpg
187,644.0,speed_1015_187.jpg
188,564.0,speed_1015_188.jpg
189,585.0,speed_1015_189.jpg
190,513.0,speed_1015_190.jpg
191,1229.0,speed_1015_191.jpg
192,521.0,speed_1015_192.jpg
193,566.0,speed_1015_193.jpg
194,590.0,speed_1015_194.jpg
195,593.0,speed_1015_195.jpg
196,595.0,speed_1015_196.jpg
197,604.0,speed_1015_197.jpg
198,611.0,speed_1015_198.jpg
199,606.0,speed_1015_199.jpg
200,571.0,speed_1015_200.jpg
201,512.0,speed_1015_201.jpg
202,547.0,speed_1015_202.jpg
203,536.0,speed_1015_203.jpg
204,547.0,speed_1015_204.jpg
205,536.0,speed_1015_205.jpg
206,577.0,speed_1015_206.jpg
207,519.0,speed_1015_207.jpg
208,542.0,speed_1015_208.jpg
209,523.0,speed_1015_209.jpg
210,521.0,speed_1015_210.jpg
211,531.0,speed_1015_211.jpg
212,525.0,speed_1015_212.jpg
213,530.0,speed_1015_213.jpg
214,497.0,speed_1015_214.jpg
215,550.0,speed_1015_215.jpg
216,496.0,speed_1015_216.jpg
217,482.0,speed_1015_217.jpg
218,513.0,speed_1015_218.jpg
219,497.0,speed_1015_219.jpg
220,443.0,speed_1015_220.jpg
221,486.0,speed_1015_221.jpg
222,448.0,speed_1015_222.jpg
223,473.0,speed_1015_223.jpg
224,475.0,speed_1015_224.jpg
225,441.0,speed_1015_225.jpg
226,518.0,speed_1015_226.jpg
227,499.0,speed_1015_227.jpg
228,370.0,speed_1015_228.jpg
229,438.0,speed_1015_229.jpg
230,474.0,speed_1015_230.jpg
231,525.0,speed_1015_231.jpg
232,517.0,speed_1015_232.jpg
233,545.0,speed_1015_233.jpg
234,505.0,speed_1015_234.jpg
235,459.0,speed_1015_235.jpg
236,488.0,speed_1015_236.jpg
237,476.0,speed_1015_237.jpg
238,441.0,speed_1015_238.jpg
239,437.0,speed_1015_239.jpg
240,479.0,speed_1015_240.jpg
241,538.0,speed_1015_241.jpg
242,483.0,speed_1015_242.jpg
243,465.0,speed_1015_243.jpg
244,525.0,speed_1015_244.jpg
245,450.0,speed_1015_245.jpg
246,443.0,speed_1015_246.jpg
247,1907.0,speed_1015_247.jpg
248,547.0,speed_1015_248.jpg
249,481.0,speed_1015_249.jpg
250,423.0,speed_1015_250.jpg
251,523.0,speed_1015_251.jpg
252,446.0,speed_1015_252.jpg
253,523.0,speed_1015_253.jpg
254,453.0,speed_1015_254.jpg
255,464.0,speed_1015_255.jpg
256,526.0,speed_1015_256.jpg
257,524.0,speed_1015_257.jpg
258,468.0,speed_1015_258.jpg
259,468.0,speed_1015_259.jpg
260,441.0,speed_1015_260.jpg
261,393.0,speed_1015_261.jpg
262,384.0,speed_1015_262.jpg
263,2001.0,speed_1015_263.jpg
264,510.0,speed_1015_264.jpg
265,548.0,speed_1015_265.jpg
266,531.0,speed_1015_266.jpg
267,536.0,speed_1015_267.jpg
268,492.0,speed_1015_268.jpg
269,503.0,speed_1015_269.jpg
270,488.0,speed_1015_270.jpg
271,506.0,speed_1015_271.jpg
272,506.0,speed_1015_272.jpg
0,524.0,speed_1016_0.jpg
1,540.0,speed_1016_1.jpg
2,502.0,speed_1016_2.jpg
3,1397.0,speed_1016_3.jpg
4,646.0,speed_1016_4.jpg
5,528.0,speed_1016_5.jpg
6,1035.0,speed_1016_6.jpg
7,447.0,speed_1016_7.jpg
8,536.0,speed_1016_8.jpg
9,2184.0,speed_1016_9.jpg
10,522.0,speed_1016_10.jpg
11,575.0,speed_1016_11.jpg
12,538.0,speed_1016_12.jpg
13,516.0,speed_1016_13.jpg
14,559.0,speed_1016_14.jpg
15,546.0,speed_1016_15.jpg
16,1040.0,speed_1016_16.jpg
17,589.0,speed_1016_17.jpg
18,569.0,speed_1016_18.jpg
19,505.0,speed_1016_19.jpg
20,549.0,speed_1016_20.jpg
21,650.0,speed_1016_21.jpg
22,515.0,speed_1016_22.jpg
23,547.0,speed_1016_23.jpg
24,701.0,speed_1016_24.jpg
25,529.0,speed_1016_25.jpg
26,549.0,speed_1016_26.jpg
27,565.0,speed_1016_27.jpg
28,536.0,speed_1016_28.jpg
29,487.0,speed_1016_29.jpg
30,610.0,speed_1016_30.jpg
31,510.0,speed_1016_31.jpg
32,527.0,speed_1016_32.jpg
33,520.0,speed_1016_33.jpg
34,484.0,speed_1016_34.jpg
35,502.0,speed_1016_35.jpg
36,658.0,speed_1016_36.jpg
37,483.0,speed_1016_37.jpg
38,640.0,speed_1016_38.jpg
39,517.0,speed_1016_39.jpg
40,527.0,speed_1016_40.jpg
41,503.0,speed_1016_41.jpg
42,521.0,speed_1016_42.jpg
43,1430.0,speed_1016_43.jpg
44,552.0,speed_1016_44.jpg
45,488.0,speed_1016_45.jpg
46,499.0,speed_1016_46.jpg
47,465.0,speed_1016_47.jpg
48,437.0,speed_1016_48.jpg
49,405.0,speed_1016_49.jpg
50,483.0,speed_1016_50.jpg
51,572.0,speed_1016_51.jpg
52,507.0,speed_1016_52.jpg
53,534.0,speed_1016_53.jpg
54,424.0,speed_1016_54.jpg
55,469.0,speed_1016_55.jpg
56,508.0,speed_1016_56.jpg
57,486.0,speed_1016_57.jpg
58,466.0,speed_1016_58.jpg
59,498.0,speed_1016_59.jpg
60,545.0,speed_1016_60.jpg
61,460.0,speed_1016_61.jpg
62,480.0,speed_1016_62.jpg
63,495.0,speed_1016_63.jpg
64,464.0,speed_1016_64.jpg
65,473.0,speed_1016_65.jpg
66,2269.0,speed_1016_66.jpg
67,486.0,speed_1016_67.jpg
68,466.0,speed_1016_68.jpg
69,474.0,speed_1016_69.jpg
70,454.0,speed_1016_70.jpg
71,625.0,speed_1016_71.jpg
72,479.0,speed_1016_72.jpg
73,557.0,speed_1016_73.jpg
74,540.0,speed_1016_74.jpg
75,565.0,speed_1016_75.jpg
76,564.0,speed_1016_76.jpg
77,523.0,speed_1016_77.jpg
78,490.0,speed_1016_78.jpg
79,527.0,speed_1016_79.jpg
80,499.0,speed_1016_80.jpg
81,547.0,speed_1016_81.jpg
82,489.0,speed_1016_82.jpg
83,521.0,speed_1016_83.jpg
84,417.0,speed_1016_84.jpg
85,548.0,speed_1016_85.jpg
86,479.0,speed_1016_86.jpg
87,556.0,speed_1016_87.jpg
88,501.0,speed_1016_88.jpg
89,559.0,speed_1016_89.jpg
90,495.0,speed_1016_90.jpg
91,474.0,speed_1016_91.jpg
92,2380.0,speed_1016_92.jpg
93,449.0,speed_1016_93.jpg
94,497.0,speed_1016_94.jpg
95,488.0,speed_1016_95.jpg
96,461.0,speed_1016_96.jpg
97,490.0,speed_1016_97.jpg
98,470.0,speed_1016_98.jpg
99,496.0,speed_1016_99.jpg
100,520.0,speed_1016_100.jpg
101,451.0,speed_1016_101.jpg
102,495.0,speed_1016_102.jpg
103,459.0,speed_1016_103.jpg
104,428.0,speed_1016_104.jpg
105,445.0,speed_1016_105.jpg
106,503.0,speed_1016_106.jpg
107,496.0,speed_1016_107.jpg
108,511.0,speed_1016_108.jpg
109,518.0,speed_1016_109.jpg
110,483.0,speed_1016_110.jpg
111,411.0,speed_1016_111.jpg
112,573.0,speed_1016_112.jpg
113,518.0,speed_1016_113.jpg
114,489.0,speed_1016_114.jpg
115,494.0,speed_1016_115.jpg
116,514.0,speed_1016_116.jpg
117,2783.0,speed_1016_117.jpg
118,2775.0,speed_1016_118.jpg
119,1579.0,speed_1016_119.jpg
120,994.0,speed_1016_120.jpg
121,416.0,speed_1016_121.jpg
122,499.0,speed_1016_122.jpg
123,512.0,speed_1016_123.jpg
124,471.0,speed_1016_124.jpg
125,446.0,speed_1016_125.jpg
126,474.0,speed_1016_126.jpg
127,542.0,speed_1016_127.jpg
128,998.0,speed_1016_128.jpg
129,485.0,speed_1016_129.jpg
130,485.0,speed_1016_130.jpg
131,521.0,speed_1016_131.jpg
132,2560.0,speed_1016_132.jpg
133,529.0,speed_1016_133.jpg
134,522.0,speed_1016_134.jpg
135,577.0,speed_1016_135.jpg
136,571.0,speed_1016_136.jpg
137,508.0,speed_1016_137.jpg
138,482.0,speed_1016_138.jpg
139,488.0,speed_1016_139.jpg
140,529.0,speed_1016_140.jpg
141,522.0,speed_1016_141.jpg
142,515.0,speed_1016_142.jpg
143,474.0,speed_1016_143.jpg
144,527.0,speed_1016_144.jpg
145,548.0,speed_1016_145.jpg
146,531.0,speed_1016_146.jpg
147,492.0,speed_1016_147.jpg
148,491.0,speed_1016_148.jpg
149,581.0,speed_1016_149.jpg
150,499.0,speed_1016_150.jpg
151,494.0,speed_1016_151.jpg
152,513.0,speed_1016_152.jpg
153,467.0,speed_1016_153.jpg
154,1985.0,speed_1016_154.jpg
155,495.0,speed_1016_155.jpg
156,504.0,speed_1016_156.jpg
157,585.0,speed_1016_157.jpg
158,596.0,speed_1016_158.jpg
159,2040.0,speed_1016_159.jpg
160,649.0,speed_1016_160.jpg
161,633.0,speed_1016_161.jpg
162,628.0,speed_1016_162.jpg
163,627.0,speed_1016_163.jpg
164,624.0,speed_1016_164.jpg
165,1352.0,speed_1016_165.jpg
166,587.0,speed_1016_166.jpg
167,640.0,speed_1016_167.jpg
168,595.0,speed_1016_168.jpg
169,623.0,speed_1016_169.jpg
170,642.0,speed_1016_170.jpg
171,633.0,speed_1016_171.jpg
172,608.0,speed_1016_172.jpg
173,713.0,speed_1016_173.jpg
174,759.0,speed_1016_174.jpg
175,807.0,speed_1016_175.jpg
176,894.0,speed_1016_176.jpg
177,949.0,speed_1016_177.jpg
178,944.0,speed_1016_178.jpg
179,1002.0,speed_1016_179.jpg
180,966.0,speed_1016_180.jpg
181,925.0,speed_1016_181.jpg
182,1002.0,speed_1016_182.jpg
183,1052.0,speed_1016_183.jpg
184,2714.0,speed_1016_184.jpg
185,1021.0,speed_1016_185.jpg
186,906.0,speed_1016_186.jpg
187,1079.0,speed_1016_187.jpg
188,1017.0,speed_1016_188.jpg
189,921.0,speed_1016_189.jpg
190,1045.0,speed_1016_190.jpg
191,982.0,speed_1016_191.jpg
192,966.0,speed_1016_192.jpg
193,924.0,speed_1016_193.jpg
194,884.0,speed_1016_194.jpg
195,889.0,speed_1016_195.jpg
196,882.0,speed_1016_196.jpg
197,849.0,speed_1016_197.jpg
198,1868.0,speed_1016_198.jpg
199,788.0,speed_1016_199.jpg
200,724.0,speed_1016_200.jpg
201,1599.0,speed_1016_201.jpg
202,733.0,speed_1016_202.jpg
203,702.0,speed_1016_203.jpg
204,704.0,speed_1016_204.jpg
205,659.0,speed_1016_205.jpg
206,745.0,speed_1016_206.jpg
207,665.0,speed_1016_207.jpg
208,638.0,speed_1016_208.jpg
209,1343.0,speed_1016_209.jpg
210,636.0,speed_1016_210.jpg
211,547.0,speed_1016_211.jpg
212,493.0,speed_1016_212.jpg
213,548.0,speed_1016_213.jpg
214,555.0,speed_1016_214.jpg
215,607.0,speed_1016_215.jpg
216,517.0,speed_1016_216.jpg
217,517.0,speed_1016_217.jpg
218,462.0,speed_1016_218.jpg
219,466.0,speed_1016_219.jpg
220,564.0,speed_1016_220.jpg
221,542.0,speed_1016_221.jpg
222,464.0,speed_1016_222.jpg
223,456.0,speed_1016_223.jpg
224,458.0,speed_1016_224.jpg
225,463.0,speed_1016_225.jpg
226,466.0,speed_1016_226.jpg
227,499.0,speed_1016_227.jpg
228,347.0,speed_1016_228.jpg
229,456.0,speed_1016_229.jpg
230,461.0,speed_1016_230.jpg
231,488.0,speed_1016_231.jpg
232,481.0,speed_1016_232.jpg
233,515.0,speed_1016_233.jpg
234,485.0,speed_1016_234.jpg
235,469.0,speed_1016_235.jpg
236,515.0,speed_1016_236.jpg
237,465.0,speed_1016_237.jpg
238,529.0,speed_1016_238.jpg
239,493.0,speed_1016_239.jpg
240,517.0,speed_1016_240.jpg
241,485.0,speed_1016_241.jpg
242,555.0,speed_1016_242.jpg
243,475.0,speed_1016_243.jpg
244,549.0,speed_1016_244.jpg
245,502.0,speed_1016_245.jpg
246,488.0,speed_1016_246.jpg
247,502.0,speed_1016_247.jpg
248,568.0,speed_1016_248.jpg
249,509.0,speed_1016_249.jpg
250,487.0,speed_1016_250.jpg
251,437.0,speed_1016_251.jpg
252,462.0,speed_1016_252.jpg
253,482.0,speed_1016_253.jpg
254,443.0,speed_1016_254.jpg
255,455.0,speed_1016_255.jpg
256,522.0,speed_1016_256.jpg
257,537.0,speed_1016_257.jpg
258,515.0,speed_1016_258.jpg
259,542.0,speed_1016_259.jpg
260,480.0,speed_1016_260.jpg
261,526.0,speed_1016_261.jpg
262,2241.0,speed_1016_262.jpg
263,549.0,speed_1016_263.jpg
264,447.0,speed_1016_264.jpg
265,494.0,speed_1016_265.jpg
266,1294.0,speed_1016_266.jpg
267,495.0,speed_1016_267.jpg
268,475.0,speed_1016_268.jpg
269,494.0,speed_1016_269.jpg
270,87.0,speed_1016_270.jpg
271,657.4908424908425,speed_1016_271.jpg
272,657.4908424908425,speed_1016_272.jpg
0,569.0,speed_1019_0.jpg
1,491.0,speed_1019_1.jpg
2,655.0,speed_1019_2.jpg
3,548.0,speed_1019_3.jpg
4,605.0,speed_1019_4.jpg
5,575.0,speed_1019_5.jpg
6,561.0,speed_1019_6.jpg
7,2697.0,speed_1019_7.jpg
8,694.0,speed_1019_8.jpg
9,536.0,speed_1019_9.jpg
10,506.0,speed_1019_10.jpg
11,508.0,speed_1019_11.jpg
12,560.0,speed_1019_12.jpg
13,522.0,speed_1019_13.jpg
14,574.0,speed_1019_14.jpg
15,509.0,speed_1019_15.jpg
16,474.0,speed_1019_16.jpg
17,574.0,speed_1019_17.jpg
18,516.0,speed_1019_18.jpg
19,504.0,speed_1019_19.jpg
20,539.0,speed_1019_20.jpg
21,555.0,speed_1019_21.jpg
22,518.0,speed_1019_22.jpg
23,2477.0,speed_1019_23.jpg
24,2506.0,speed_1019_24.jpg
25,549.0,speed_1019_25.jpg
26,509.0,speed_1019_26.jpg
27,564.0,speed_1019_27.jpg
28,554.0,speed_1019_28.jpg
29,513.0,speed_1019_29.jpg
30,1501.0,speed_1019_30.jpg
31,567.0,speed_1019_31.jpg
32,519.0,speed_1019_32.jpg
33,523.0,speed_1019_33.jpg
34,530.0,speed_1019_34.jpg
35,583.0,speed_1019_35.jpg
36,496.0,speed_1019_36.jpg
37,484.0,speed_1019_37.jpg
38,557.0,speed_1019_38.jpg
39,536.0,speed_1019_39.jpg
40,538.0,speed_1019_40.jpg
41,544.0,speed_1019_41.jpg
42,973.0,speed_1019_42.jpg
43,485.0,speed_1019_43.jpg
44,510.0,speed_1019_44.jpg
45,525.0,speed_1019_45.jpg
46,474.0,speed_1019_46.jpg
47,464.0,speed_1019_47.jpg
48,467.0,speed_1019_48.jpg
49,518.0,speed_1019_49.jpg
50,520.0,speed_1019_50.jpg
51,427.0,speed_1019_51.jpg
52,465.0,speed_1019_52.jpg
53,483.0,speed_1019_53.jpg
54,512.0,speed_1019_54.jpg
55,518.0,speed_1019_55.jpg
56,472.0,speed_1019_56.jpg
57,435.0,speed_1019_57.jpg
58,479.0,speed_1019_58.jpg
59,424.0,speed_1019_59.jpg
60,487.0,speed_1019_60.jpg
61,548.0,speed_1019_61.jpg
62,509.0,speed_1019_62.jpg
63,563.0,speed_1019_63.jpg
64,491.0,speed_1019_64.jpg
65,521.0,speed_1019_65.jpg
66,349.0,speed_1019_66.jpg
67,523.0,speed_1019_67.jpg
68,494.0,speed_1019_68.jpg
69,461.0,speed_1019_69.jpg
70,544.0,speed_1019_70.jpg
71,518.0,speed_1019_71.jpg
72,556.0,speed_1019_72.jpg
73,506.0,speed_1019_73.jpg
74,556.0,speed_1019_74.jpg
75,561.0,speed_1019_75.jpg
76,507.0,speed_1019_76.jpg
77,553.0,speed_1019_77.jpg
78,520.0,speed_1019_78.jpg
79,491.0,speed_1019_79.jpg
80,551.0,speed_1019_80.jpg
81,1957.0,speed_1019_81.jpg
82,558.0,speed_1019_82.jpg
83,503.0,speed_1019_83.jpg
84,430.0,speed_1019_84.jpg
85,2945.0,speed_1019_85.jpg
86,524.0,speed_1019_86.jpg
87,517.0,speed_1019_87.jpg
88,557.0,speed_1019_88.jpg
89,544.0,speed_1019_89.jpg
90,522.0,speed_1019_90.jpg
91,487.0,speed_1019_91.jpg
92,1696.0,speed_1019_92.jpg
93,542.0,speed_1019_93.jpg
94,502.0,speed_1019_94.jpg
95,473.0,speed_1019_95.jpg
96,755.0,speed_1019_96.jpg
97,2530.0,speed_1019_97.jpg
98,498.0,speed_1019_98.jpg
99,1659.0,speed_1019_99.jpg
100,507.0,speed_1019_100.jpg
101,509.0,speed_1019_101.jpg
102,486.0,speed_1019_102.jpg
103,505.0,speed_1019_103.jpg
104,527.0,speed_1019_104.jpg
105,515.0,speed_1019_105.jpg
106,538.0,speed_1019_106.jpg
107,473.0,speed_1019_107.jpg
108,494.0,speed_1019_108.jpg
109,573.0,speed_1019_109.jpg
110,562.0,speed_1019_110.jpg
111,541.0,speed_1019_111.jpg
112,477.0,speed_1019_112.jpg
113,458.0,speed_1019_113.jpg
114,527.0,speed_1019_114.jpg
115,566.0,speed_1019_115.jpg
116,470.0,speed_1019_116.jpg
117,479.0,speed_1019_117.jpg
118,480.0,speed_1019_118.jpg
119,478.0,speed_1019_119.jpg
120,478.0,speed_1019_120.jpg
121,478.0,speed_1019_121.jpg
122,478.0,speed_1019_122.jpg
123,478.0,speed_1019_123.jpg
124,478.0,speed_1019_124.jpg
125,478.0,speed_1019_125.jpg
126,478.0,speed_1019_126.jpg
127,478.0,speed_1019_127.jpg
128,478.0,speed_1019_128.jpg
129,478.0,speed_1019_129.jpg
130,495.0,speed_1019_130.jpg
131,514.0,speed_1019_131.jpg
132,565.0,speed_1019_132.jpg
133,525.0,speed_1019_133.jpg
134,609.0,speed_1019_134.jpg
135,498.0,speed_1019_135.jpg
136,530.0,speed_1019_136.jpg
137,461.0,speed_1019_137.jpg
138,496.0,speed_1019_138.jpg
139,523.0,speed_1019_139.jpg
140,507.0,speed_1019_140.jpg
141,1471.0,speed_1019_141.jpg
142,525.0,speed_1019_142.jpg
143,472.0,speed_1019_143.jpg
144,492.0,speed_1019_144.jpg
145,519.0,speed_1019_145.jpg
146,1057.0,speed_1019_146.jpg
147,571.0,speed_1019_147.jpg
148,695.0,speed_1019_148.jpg
149,692.0,speed_1019_149.jpg
150,730.0,speed_1019_150.jpg
151,777.0,speed_1019_151.jpg
152,706.0,speed_1019_152.jpg
153,806.0,speed_1019_153.jpg
154,793.0,speed_1019_154.jpg
155,784.0,speed_1019_155.jpg
156,2473.0,speed_1019_156.jpg
157,846.0,speed_1019_157.jpg
158,877.0,speed_1019_158.jpg
159,847.0,speed_1019_159.jpg
160,905.0,speed_1019_160.jpg
161,928.0,speed_1019_161.jpg
162,972.0,speed_1019_162.jpg
163,1026.0,speed_1019_163.jpg
164,1219.0,speed_1019_164.jpg
165,942.0,speed_1019_165.jpg
166,1385.0,speed_1019_166.jpg
167,1427.0,speed_1019_167.jpg
168,1613.0,speed_1019_168.jpg
169,1643.0,speed_1019_169.jpg
170,2354.0,speed_1019_170.jpg
171,1668.0,speed_1019_171.jpg
172,794.0,speed_1019_172.jpg
173,1546.0,speed_1019_173.jpg
174,1578.0,speed_1019_174.jpg
175,1608.0,speed_1019_175.jpg
176,1705.0,speed_1019_176.jpg
177,2175.0,speed_1019_177.jpg
178,1915.0,speed_1019_178.jpg
179,2629.0,speed_1019_179.jpg
180,1864.0,speed_1019_180.jpg
181,1919.0,speed_1019_181.jpg
182,2237.0,speed_1019_182.jpg
183,1934.0,speed_1019_183.jpg
184,2235.0,speed_1019_184.jpg
185,1595.0,speed_1019_185.jpg
186,1758.0,speed_1019_186.jpg
187,1506.0,speed_1019_187.jpg
188,2380.0,speed_1019_188.jpg
189,1487.0,speed_1019_189.jpg
190,1950.0,speed_1019_190.jpg
191,2317.0,speed_1019_191.jpg
192,1593.0,speed_1019_192.jpg
193,1565.0,speed_1019_193.jpg
194,1356.0,speed_1019_194.jpg
195,1451.0,speed_1019_195.jpg
196,1481.0,speed_1019_196.jpg
197,1457.0,speed_1019_197.jpg
198,1342.0,speed_1019_198.jpg
199,1257.0,speed_1019_199.jpg
200,1337.0,speed_1019_200.jpg
201,1265.0,speed_1019_201.jpg
202,1248.0,speed_1019_202.jpg
203,1300.0,speed_1019_203.jpg
204,1252.0,speed_1019_204.jpg
205,1310.0,speed_1019_205.jpg
206,1240.0,speed_1019_206.jpg
207,1279.0,speed_1019_207.jpg
208,1761.0,speed_1019_208.jpg
209,1763.0,speed_1019_209.jpg
210,1372.0,speed_1019_210.jpg
211,1297.0,speed_1019_211.jpg
212,1298.0,speed_1019_212.jpg
213,1237.0,speed_1019_213.jpg
214,1290.0,speed_1019_214.jpg
215,1261.0,speed_1019_215.jpg
216,1322.0,speed_1019_216.jpg
217,1213.0,speed_1019_217.jpg
218,1477.0,speed_1019_218.jpg
219,1324.0,speed_1019_219.jpg
220,1068.0,speed_1019_220.jpg
221,1102.0,speed_1019_221.jpg
222,1260.0,speed_1019_222.jpg
223,1193.0,speed_1019_223.jpg
224,1137.0,speed_1019_224.jpg
225,1214.0,speed_1019_225.jpg
226,3196.0,speed_1019_226.jpg
227,1206.0,speed_1019_227.jpg
228,1047.0,speed_1019_228.jpg
229,1046.0,speed_1019_229.jpg
230,2778.0,speed_1019_230.jpg
231,1002.0,speed_1019_231.jpg
232,920.0,speed_1019_232.jpg
233,719.0,speed_1019_233.jpg
234,718.0,speed_1019_234.jpg
235,689.0,speed_1019_235.jpg
236,589.0,speed_1019_236.jpg
237,608.0,speed_1019_237.jpg
238,562.0,speed_1019_238.jpg
239,562.0,speed_1019_239.jpg
240,588.0,speed_1019_240.jpg
241,544.0,speed_1019_241.jpg
242,488.0,speed_1019_242.jpg
243,479.0,speed_1019_243.jpg
244,2729.0,speed_1019_244.jpg
245,538.0,speed_1019_245.jpg
246,473.0,speed_1019_246.jpg
247,492.0,speed_1019_247.jpg
248,500.0,speed_1019_248.jpg
249,464.0,speed_1019_249.jpg
250,456.0,speed_1019_250.jpg
251,490.0,speed_1019_251.jpg
252,529.0,speed_1019_252.jpg
253,468.0,speed_1019_253.jpg
254,459.0,speed_1019_254.jpg
255,460.0,speed_1019_255.jpg
256,446.0,speed_1019_256.jpg
257,497.0,speed_1019_257.jpg
258,2498.0,speed_1019_258.jpg
259,494.0,speed_1019_259.jpg
260,500.0,speed_1019_260.jpg
261,514.0,speed_1019_261.jpg
262,490.0,speed_1019_262.jpg
263,447.0,speed_1019_263.jpg
264,543.0,speed_1019_264.jpg
265,537.0,speed_1019_265.jpg
266,570.0,speed_1019_266.jpg
267,500.0,speed_1019_267.jpg
268,531.0,speed_1019_268.jpg
269,637.0,speed_1019_269.jpg
270,541.0,speed_1019_270.jpg
271,692.0,speed_1019_271.jpg
272,576.0,speed_1019_272.jpg
0,509.0,speed_1021_0.jpg
1,484.0,speed_1021_1.jpg
2,447.0,speed_1021_2.jpg
3,468.0,speed_1021_3.jpg
4,446.0,speed_1021_4.jpg
5,466.0,speed_1021_5.jpg
6,483.0,speed_1021_6.jpg
7,612.0,speed_1021_7.jpg
8,652.0,speed_1021_8.jpg
9,670.0,speed_1021_9.jpg
10,448.0,speed_1021_10.jpg
11,440.0,speed_1021_11.jpg
12,466.0,speed_1021_12.jpg
13,519.0,speed_1021_13.jpg
14,519.0,speed_1021_14.jpg
15,481.0,speed_1021_15.jpg
16,505.0,speed_1021_16.jpg
17,491.0,speed_1021_17.jpg
18,528.0,speed_1021_18.jpg
19,511.0,speed_1021_19.jpg
20,557.0,speed_1021_20.jpg
21,1063.0,speed_1021_21.jpg
22,992.0,speed_1021_22.jpg
23,414.0,speed_1021_23.jpg
24,429.0,speed_1021_24.jpg
25,458.0,speed_1021_25.jpg
26,1308.0,speed_1021_26.jpg
27,464.0,speed_1021_27.jpg
28,471.0,speed_1021_28.jpg
29,505.0,speed_1021_29.jpg
30,457.0,speed_1021_30.jpg
31,516.0,speed_1021_31.jpg
32,481.0,speed_1021_32.jpg
33,499.0,speed_1021_33.jpg
34,505.0,speed_1021_34.jpg
35,485.0,speed_1021_35.jpg
36,439.0,speed_1021_36.jpg
37,468.0,speed_1021_37.jpg
38,475.0,speed_1021_38.jpg
39,457.0,speed_1021_39.jpg
40,457.0,speed_1021_40.jpg
41,471.0,speed_1021_41.jpg
42,669.0,speed_1021_42.jpg
43,548.0,speed_1021_43.jpg
44,557.0,speed_1021_44.jpg
45,522.0,speed_1021_45.jpg
46,544.0,speed_1021_46.jpg
47,516.0,speed_1021_47.jpg
48,477.0,speed_1021_48.jpg
49,477.0,speed_1021_49.jpg
50,532.0,speed_1021_50.jpg
51,578.0,speed_1021_51.jpg
52,584.0,speed_1021_52.jpg
53,512.0,speed_1021_53.jpg
54,495.0,speed_1021_54.jpg
55,527.0,speed_1021_55.jpg
56,506.0,speed_1021_56.jpg
57,505.0,speed_1021_57.jpg
58,529.0,speed_1021_58.jpg
59,575.0,speed_1021_59.jpg
60,1038.0,speed_1021_60.jpg
61,1041.0,speed_1021_61.jpg
62,430.0,speed_1021_62.jpg
63,463.0,speed_1021_63.jpg
64,420.0,speed_1021_64.jpg
65,429.0,speed_1021_65.jpg
66,439.0,speed_1021_66.jpg
67,459.0,speed_1021_67.jpg
68,464.0,speed_1021_68.jpg
69,539.0,speed_1021_69.jpg
70,564.0,speed_1021_70.jpg
71,542.0,speed_1021_71.jpg
72,435.0,speed_1021_72.jpg
73,425.0,speed_1021_73.jpg
74,435.0,speed_1021_74.jpg
75,488.0,speed_1021_75.jpg
76,425.0,speed_1021_76.jpg
77,440.0,speed_1021_77.jpg
78,440.0,speed_1021_78.jpg
79,491.0,speed_1021_79.jpg
80,431.0,speed_1021_80.jpg
81,532.0,speed_1021_81.jpg
82,504.0,speed_1021_82.jpg
83,1855.0,speed_1021_83.jpg
84,462.0,speed_1021_84.jpg
85,443.0,speed_1021_85.jpg
86,412.0,speed_1021_86.jpg
87,452.0,speed_1021_87.jpg
88,460.0,speed_1021_88.jpg
89,419.0,speed_1021_89.jpg
90,476.0,speed_1021_90.jpg
91,459.0,speed_1021_91.jpg
92,427.0,speed_1021_92.jpg
93,2889.0,speed_1021_93.jpg
94,525.0,speed_1021_94.jpg
95,461.0,speed_1021_95.jpg
96,493.0,speed_1021_96.jpg
97,1956.0,speed_1021_97.jpg
98,498.0,speed_1021_98.jpg
99,485.0,speed_1021_99.jpg
100,493.0,speed_1021_100.jpg
101,475.0,speed_1021_101.jpg
102,581.0,speed_1021_102.jpg
103,477.0,speed_1021_103.jpg
104,490.0,speed_1021_104.jpg
105,534.0,speed_1021_105.jpg
106,460.0,speed_1021_106.jpg
107,437.0,speed_1021_107.jpg
108,470.0,speed_1021_108.jpg
109,502.0,speed_1021_109.jpg
110,446.0,speed_1021_110.jpg
111,462.0,speed_1021_111.jpg
112,439.0,speed_1021_112.jpg
113,470.0,speed_1021_113.jpg
114,503.0,speed_1021_114.jpg
115,527.0,speed_1021_115.jpg
116,470.0,speed_1021_116.jpg
117,466.0,speed_1021_117.jpg
118,515.0,speed_1021_118.jpg
119,437.0,speed_1021_119.jpg
120,503.0,speed_1021_120.jpg
121,482.0,speed_1021_121.jpg
122,504.0,speed_1021_122.jpg
123,446.0,speed_1021_123.jpg
124,458.0,speed_1021_124.jpg
125,514.0,speed_1021_125.jpg
126,488.0,speed_1021_126.jpg
127,479.0,speed_1021_127.jpg
128,508.0,speed_1021_128.jpg
129,2663.0,speed_1021_129.jpg
130,1268.0,speed_1021_130.jpg
131,468.0,speed_1021_131.jpg
132,484.0,speed_1021_132.jpg
133,474.0,speed_1021_133.jpg
134,476.0,speed_1021_134.jpg
135,500.0,speed_1021_135.jpg
136,1347.0,speed_1021_136.jpg
137,2047.0,speed_1021_137.jpg
138,402.0,speed_1021_138.jpg
139,476.0,speed_1021_139.jpg
140,499.0,speed_1021_140.jpg
141,461.0,speed_1021_141.jpg
142,552.0,speed_1021_142.jpg
143,463.0,speed_1021_143.jpg
144,482.0,speed_1021_144.jpg
145,1121.0,speed_1021_145.jpg
146,508.0,speed_1021_146.jpg
147,473.0,speed_1021_147.jpg
148,482.0,speed_1021_148.jpg
149,513.0,speed_1021_149.jpg
150,492.0,speed_1021_150.jpg
151,511.0,speed_1021_151.jpg
152,483.0,speed_1021_152.jpg
153,445.0,speed_1021_153.jpg
154,463.0,speed_1021_154.jpg
155,470.0,speed_1021_155.jpg
156,527.0,speed_1021_156.jpg
157,462.0,speed_1021_157.jpg
158,1348.0,speed_1021_158.jpg
159,451.0,speed_1021_159.jpg
160,501.0,speed_1021_160.jpg
161,493.0,speed_1021_161.jpg
162,468.0,speed_1021_162.jpg
163,464.0,speed_1021_163.jpg
164,480.0,speed_1021_164.jpg
165,479.0,speed_1021_165.jpg
166,485.0,speed_1021_166.jpg
167,446.0,speed_1021_167.jpg
168,474.0,speed_1021_168.jpg
169,445.0,speed_1021_169.jpg
170,495.0,speed_1021_170.jpg
171,507.0,speed_1021_171.jpg
172,1105.0,speed_1021_172.jpg
173,466.0,speed_1021_173.jpg
174,495.0,speed_1021_174.jpg
175,503.0,speed_1021_175.jpg
176,473.0,speed_1021_176.jpg
177,484.0,speed_1021_177.jpg
178,490.0,speed_1021_178.jpg
179,488.0,speed_1021_179.jpg
180,531.0,speed_1021_180.jpg
181,508.0,speed_1021_181.jpg
182,498.0,speed_1021_182.jpg
183,518.0,speed_1021_183.jpg
184,494.0,speed_1021_184.jpg
185,491.0,speed_1021_185.jpg
186,496.0,speed_1021_186.jpg
187,518.0,speed_1021_187.jpg
188,494.0,speed_1021_188.jpg
189,454.0,speed_1021_189.jpg
190,481.0,speed_1021_190.jpg
191,442.0,speed_1021_191.jpg
192,496.0,speed_1021_192.jpg
193,478.0,speed_1021_193.jpg
194,483.0,speed_1021_194.jpg
195,498.0,speed_1021_195.jpg
196,491.0,speed_1021_196.jpg
197,540.0,speed_1021_197.jpg
198,535.0,speed_1021_198.jpg
199,529.0,speed_1021_199.jpg
200,533.0,speed_1021_200.jpg
201,518.0,speed_1021_201.jpg
202,564.0,speed_1021_202.jpg
203,553.0,speed_1021_203.jpg
204,562.0,speed_1021_204.jpg
205,1991.0,speed_1021_205.jpg
206,1207.0,speed_1021_206.jpg
207,540.0,speed_1021_207.jpg
208,512.0,speed_1021_208.jpg
209,537.0,speed_1021_209.jpg
210,503.0,speed_1021_210.jpg
211,1102.0,speed_1021_211.jpg
212,513.0,speed_1021_212.jpg
213,467.0,speed_1021_213.jpg
214,514.0,speed_1021_214.jpg
215,492.0,speed_1021_215.jpg
216,492.0,speed_1021_216.jpg
217,518.0,speed_1021_217.jpg
218,486.0,speed_1021_218.jpg
219,304.0,speed_1021_219.jpg
220,504.0,speed_1021_220.jpg
221,499.0,speed_1021_221.jpg
222,480.0,speed_1021_222.jpg
223,509.0,speed_1021_223.jpg
224,533.0,speed_1021_224.jpg
225,511.0,speed_1021_225.jpg
226,523.0,speed_1021_226.jpg
227,507.0,speed_1021_227.jpg
228,324.0,speed_1021_228.jpg
229,543.0,speed_1021_229.jpg
230,2292.0,speed_1021_230.jpg
231,492.0,speed_1021_231.jpg
232,531.0,speed_1021_232.jpg
233,481.0,speed_1021_233.jpg
234,532.0,speed_1021_234.jpg
235,511.0,speed_1021_235.jpg
236,543.0,speed_1021_236.jpg
237,506.0,speed_1021_237.jpg
238,478.0,speed_1021_238.jpg
239,522.0,speed_1021_239.jpg
240,518.0,speed_1021_240.jpg
241,506.0,speed_1021_241.jpg
242,450.0,speed_1021_242.jpg
243,492.0,speed_1021_243.jpg
244,474.0,speed_1021_244.jpg
245,432.0,speed_1021_245.jpg
246,459.0,speed_1021_246.jpg
247,590.0,speed_1021_247.jpg
248,1050.0,speed_1021_248.jpg
249,448.0,speed_1021_249.jpg
250,516.0,speed_1021_250.jpg
251,1119.0,speed_1021_251.jpg
252,561.0,speed_1021_252.jpg
253,485.0,speed_1021_253.jpg
254,529.0,speed_1021_254.jpg
255,481.0,speed_1021_255.jpg
256,553.0,speed_1021_256.jpg
257,528.0,speed_1021_257.jpg
258,460.0,speed_1021_258.jpg
259,534.0,speed_1021_259.jpg
260,444.0,speed_1021_260.jpg
261,517.0,speed_1021_261.jpg
262,463.0,speed_1021_262.jpg
263,530.0,speed_1021_263.jpg
264,490.0,speed_1021_264.jpg
265,468.0,speed_1021_265.jpg
266,502.0,speed_1021_266.jpg
267,429.0,speed_1021_267.jpg
268,496.0,speed_1021_268.jpg
269,461.0,speed_1021_269.jpg
270,427.0,speed_1021_270.jpg
271,489.0,speed_1021_271.jpg
272,414.0,speed_1021_272.jpg
0,975.0,speed_1017_0.jpg
1,2196.0,speed_1017_1.jpg
2,487.0,speed_1017_2.jpg
3,478.0,speed_1017_3.jpg
4,507.0,speed_1017_4.jpg
5,572.0,speed_1017_5.jpg
6,500.0,speed_1017_6.jpg
7,433.0,speed_1017_7.jpg
8,566.0,speed_1017_8.jpg
9,518.0,speed_1017_9.jpg
10,495.0,speed_1017_10.jpg
11,572.0,speed_1017_11.jpg
12,459.0,speed_1017_12.jpg
13,516.0,speed_1017_13.jpg
14,535.0,speed_1017_14.jpg
15,574.0,speed_1017_15.jpg
16,516.0,speed_1017_16.jpg
17,518.0,speed_1017_17.jpg
18,629.0,speed_1017_18.jpg
19,571.0,speed_1017_19.jpg
20,571.0,speed_1017_20.jpg
21,500.0,speed_1017_21.jpg
22,492.0,speed_1017_22.jpg
23,470.0,speed_1017_23.jpg
24,490.0,speed_1017_24.jpg
25,687.0,speed_1017_25.jpg
26,602.0,speed_1017_26.jpg
27,639.0,speed_1017_27.jpg
28,525.0,speed_1017_28.jpg
29,551.0,speed_1017_29.jpg
30,481.0,speed_1017_30.jpg
31,551.0,speed_1017_31.jpg
32,479.0,speed_1017_32.jpg
33,510.0,speed_1017_33.jpg
34,548.0,speed_1017_34.jpg
35,1942.0,speed_1017_35.jpg
36,590.0,speed_1017_36.jpg
37,776.0,speed_1017_37.jpg
38,556.0,speed_1017_38.jpg
39,551.0,speed_1017_39.jpg
40,1300.0,speed_1017_40.jpg
41,559.0,speed_1017_41.jpg
42,1297.0,speed_1017_42.jpg
43,562.0,speed_1017_43.jpg
44,804.0,speed_1017_44.jpg
45,521.0,speed_1017_45.jpg
46,484.0,speed_1017_46.jpg
47,576.0,speed_1017_47.jpg
48,1095.0,speed_1017_48.jpg
49,477.0,speed_1017_49.jpg
50,517.0,speed_1017_50.jpg
51,526.0,speed_1017_51.jpg
52,442.0,speed_1017_52.jpg
53,502.0,speed_1017_53.jpg
54,514.0,speed_1017_54.jpg
55,476.0,speed_1017_55.jpg
56,509.0,speed_1017_56.jpg
57,575.0,speed_1017_57.jpg
58,570.0,speed_1017_58.jpg
59,515.0,speed_1017_59.jpg
60,495.0,speed_1017_60.jpg
61,537.0,speed_1017_61.jpg
62,663.0,speed_1017_62.jpg
63,1270.0,speed_1017_63.jpg
64,468.0,speed_1017_64.jpg
65,460.0,speed_1017_65.jpg
66,499.0,speed_1017_66.jpg
67,503.0,speed_1017_67.jpg
68,564.0,speed_1017_68.jpg
69,747.0,speed_1017_69.jpg
70,480.0,speed_1017_70.jpg
71,526.0,speed_1017_71.jpg
72,557.0,speed_1017_72.jpg
73,598.0,speed_1017_73.jpg
74,599.0,speed_1017_74.jpg
75,647.0,speed_1017_75.jpg
76,687.0,speed_1017_76.jpg
77,2495.0,speed_1017_77.jpg
78,653.0,speed_1017_78.jpg
79,520.0,speed_1017_79.jpg
80,565.0,speed_1017_80.jpg
81,793.0,speed_1017_81.jpg
82,489.0,speed_1017_82.jpg
83,489.0,speed_1017_83.jpg
84,478.0,speed_1017_84.jpg
85,519.0,speed_1017_85.jpg
86,471.0,speed_1017_86.jpg
87,510.0,speed_1017_87.jpg
88,866.0,speed_1017_88.jpg
89,510.0,speed_1017_89.jpg
90,526.0,speed_1017_90.jpg
91,528.0,speed_1017_91.jpg
92,534.0,speed_1017_92.jpg
93,549.0,speed_1017_93.jpg
94,492.0,speed_1017_94.jpg
95,544.0,speed_1017_95.jpg
96,490.0,speed_1017_96.jpg
97,496.0,speed_1017_97.jpg
98,521.0,speed_1017_98.jpg
99,516.0,speed_1017_99.jpg
100,460.0,speed_1017_100.jpg
101,487.0,speed_1017_101.jpg
102,479.0,speed_1017_102.jpg
103,502.0,speed_1017_103.jpg
104,507.0,speed_1017_104.jpg
105,534.0,speed_1017_105.jpg
106,506.0,speed_1017_106.jpg
107,2403.0,speed_1017_107.jpg
108,511.0,speed_1017_108.jpg
109,521.0,speed_1017_109.jpg
110,507.0,speed_1017_110.jpg
111,547.0,speed_1017_111.jpg
112,492.0,speed_1017_112.jpg
113,480.0,speed_1017_113.jpg
114,521.0,speed_1017_114.jpg
115,516.0,speed_1017_115.jpg
116,918.0,speed_1017_116.jpg
117,468.0,speed_1017_117.jpg
118,470.0,speed_1017_118.jpg
119,496.0,speed_1017_119.jpg
120,499.0,speed_1017_120.jpg
121,568.0,speed_1017_121.jpg
122,539.0,speed_1017_122.jpg
123,527.0,speed_1017_123.jpg
124,670.0,speed_1017_124.jpg
125,570.0,speed_1017_125.jpg
126,528.0,speed_1017_126.jpg
127,515.0,speed_1017_127.jpg
128,559.0,speed_1017_128.jpg
129,500.0,speed_1017_129.jpg
130,480.0,speed_1017_130.jpg
131,500.0,speed_1017_131.jpg
132,516.0,speed_1017_132.jpg
133,541.0,speed_1017_133.jpg
134,537.0,speed_1017_134.jpg
135,521.0,speed_1017_135.jpg
136,482.0,speed_1017_136.jpg
137,537.0,speed_1017_137.jpg
138,532.0,speed_1017_138.jpg
139,506.0,speed_1017_139.jpg
140,554.0,speed_1017_140.jpg
141,1492.0,speed_1017_141.jpg
142,2355.0,speed_1017_142.jpg
143,566.0,speed_1017_143.jpg
144,552.0,speed_1017_144.jpg
145,483.0,speed_1017_145.jpg
146,503.0,speed_1017_146.jpg
147,506.0,speed_1017_147.jpg
148,503.0,speed_1017_148.jpg
149,474.0,speed_1017_149.jpg
150,549.0,speed_1017_150.jpg
151,542.0,speed_1017_151.jpg
152,529.0,speed_1017_152.jpg
153,484.0,speed_1017_153.jpg
154,496.0,speed_1017_154.jpg
155,2258.0,speed_1017_155.jpg
156,555.0,speed_1017_156.jpg
157,1873.0,speed_1017_157.jpg
158,718.0,speed_1017_158.jpg
159,761.0,speed_1017_159.jpg
160,991.0,speed_1017_160.jpg
161,1299.0,speed_1017_161.jpg
162,1234.0,speed_1017_162.jpg
163,1197.0,speed_1017_163.jpg
164,1035.0,speed_1017_164.jpg
165,944.0,speed_1017_165.jpg
166,893.0,speed_1017_166.jpg
167,832.0,speed_1017_167.jpg
168,834.0,speed_1017_168.jpg
169,833.0,speed_1017_169.jpg
170,838.0,speed_1017_170.jpg
171,841.0,speed_1017_171.jpg
172,909.0,speed_1017_172.jpg
173,935.0,speed_1017_173.jpg
174,924.0,speed_1017_174.jpg
175,961.0,speed_1017_175.jpg
176,1010.0,speed_1017_176.jpg
177,1050.0,speed_1017_177.jpg
178,1119.0,speed_1017_178.jpg
179,1205.0,speed_1017_179.jpg
180,1123.0,speed_1017_180.jpg
181,1084.0,speed_1017_181.jpg
182,1104.0,speed_1017_182.jpg
183,981.0,speed_1017_183.jpg
184,1007.0,speed_1017_184.jpg
185,1089.0,speed_1017_185.jpg
186,994.0,speed_1017_186.jpg
187,1017.0,speed_1017_187.jpg
188,1045.0,speed_1017_188.jpg
189,1121.0,speed_1017_189.jpg
190,1119.0,speed_1017_190.jpg
191,1127.0,speed_1017_191.jpg
192,2257.0,speed_1017_192.jpg
193,1090.0,speed_1017_193.jpg
194,1129.0,speed_1017_194.jpg
195,1162.0,speed_1017_195.jpg
196,1092.0,speed_1017_196.jpg
197,1114.0,speed_1017_197.jpg
198,2194.0,speed_1017_198.jpg
199,1335.0,speed_1017_199.jpg
200,1243.0,speed_1017_200.jpg
201,967.0,speed_1017_201.jpg
202,1010.0,speed_1017_202.jpg
203,1078.0,speed_1017_203.jpg
204,1052.0,speed_1017_204.jpg
205,920.0,speed_1017_205.jpg
206,860.0,speed_1017_206.jpg
207,2323.0,speed_1017_207.jpg
208,931.0,speed_1017_208.jpg
209,912.0,speed_1017_209.jpg
210,814.0,speed_1017_210.jpg
211,878.0,speed_1017_211.jpg
212,680.0,speed_1017_212.jpg
213,591.0,speed_1017_213.jpg
214,593.0,speed_1017_214.jpg
215,501.0,speed_1017_215.jpg
216,461.0,speed_1017_216.jpg
217,491.0,speed_1017_217.jpg
218,537.0,speed_1017_218.jpg
219,508.0,speed_1017_219.jpg
220,464.0,speed_1017_220.jpg
221,449.0,speed_1017_221.jpg
222,461.0,speed_1017_222.jpg
223,461.0,speed_1017_223.jpg
224,464.0,speed_1017_224.jpg
225,482.0,speed_1017_225.jpg
226,468.0,speed_1017_226.jpg
227,449.0,speed_1017_227.jpg
228,488.0,speed_1017_228.jpg
229,526.0,speed_1017_229.jpg
230,498.0,speed_1017_230.jpg
231,491.0,speed_1017_231.jpg
232,475.0,speed_1017_232.jpg
233,480.0,speed_1017_233.jpg
234,509.0,speed_1017_234.jpg
235,509.0,speed_1017_235.jpg
236,497.0,speed_1017_236.jpg
237,510.0,speed_1017_237.jpg
238,517.0,speed_1017_238.jpg
239,509.0,speed_1017_239.jpg
240,475.0,speed_1017_240.jpg
241,471.0,speed_1017_241.jpg
242,519.0,speed_1017_242.jpg
243,506.0,speed_1017_243.jpg
244,1836.0,speed_1017_244.jpg
245,518.0,speed_1017_245.jpg
246,4015.0,speed_1017_246.jpg
247,450.0,speed_1017_247.jpg
248,483.0,speed_1017_248.jpg
249,498.0,speed_1017_249.jpg
250,447.0,speed_1017_250.jpg
251,443.0,speed_1017_251.jpg
252,520.0,speed_1017_252.jpg
253,2379.0,speed_1017_253.jpg
254,497.0,speed_1017_254.jpg
255,506.0,speed_1017_255.jpg
256,2478.0,speed_1017_256.jpg
257,512.0,speed_1017_257.jpg
258,445.0,speed_1017_258.jpg
259,546.0,speed_1017_259.jpg
260,560.0,speed_1017_260.jpg
261,486.0,speed_1017_261.jpg
262,484.0,speed_1017_262.jpg
263,458.0,speed_1017_263.jpg
264,492.0,speed_1017_264.jpg
265,529.0,speed_1017_265.jpg
266,486.0,speed_1017_266.jpg
267,526.0,speed_1017_267.jpg
268,550.0,speed_1017_268.jpg
269,508.0,speed_1017_269.jpg
270,531.0,speed_1017_270.jpg
271,498.0,speed_1017_271.jpg
272,485.0,speed_1017_272.jpg
